	proteins	sequence	b_score	y_score	total_score	precursor_distance	total_mass_error	entry name	id
0	[]	LATALTSPLL	4	3	7	0.00019424999993589154	0.00744344250003337	NOD2_E3.21510.21510.2.pkl	NOD2_E3.21510.21510.2.pkl
1	[]	DIPVNSPMTKG	2	5	7	0.00045174999991104414	0.012874755742217303	NOD2_E3.7065.7065.2.pkl	NOD2_E3.7065.7065.2.pkl
